<?xml version="1.0" encoding="utf-8" standalone="yes"?>
<rss version="2.0" xmlns:atom="http://www.w3.org/2005/Atom">
  <channel>
    <title>Posts on Terminal</title>
    <link>https://example.com/posts/</link>
    <description>Recent content in Posts on Terminal</description>
    <generator>Hugo -- gohugo.io</generator>
    <language>en-us</language>
    <lastBuildDate>Fri, 25 Jan 2019 00:00:00 +0000</lastBuildDate><atom:link href="https://example.com/posts/index.xml" rel="self" type="application/rss+xml" />
    <item>
      <title>Hello Friend</title>
      <link>https://example.com/posts/hello/</link>
      <pubDate>Fri, 25 Jan 2019 00:00:00 +0000</pubDate>
      
      <guid>https://example.com/posts/hello/</guid>
      <description>Lorem ipsum dolor sit amet, consectetur adipiscing elit. Nullam nec interdum metus. Aenean rutrum ligula sodales ex auctor, sed tempus dui mollis. Curabitur ipsum dui, aliquet nec commodo at, tristique eget ante. Donec quis dolor nec nunc mollis interdum vel in purus. Sed vitae leo scelerisque, sollicitudin elit sed, congue ante. In augue nisl, vestibulum commodo est a, tristique porttitor est. Proin laoreet iaculis ornare. Nullam ut neque quam.
 Fusce pharetra suscipit orci nec tempor.</description>
      <content>&lt;p&gt;Lorem ipsum dolor sit amet, consectetur adipiscing elit. Nullam nec interdum metus. Aenean rutrum ligula sodales ex auctor, sed tempus dui mollis. Curabitur ipsum dui, aliquet nec commodo at, tristique eget ante. &lt;strong&gt;Donec quis dolor nec nunc mollis interdum vel in purus&lt;/strong&gt;. Sed vitae leo scelerisque, sollicitudin elit sed, congue ante. In augue nisl, vestibulum commodo est a, tristique porttitor est. Proin laoreet iaculis ornare. Nullam ut neque quam.&lt;/p&gt;
&lt;blockquote&gt;
&lt;p&gt;Fusce pharetra suscipit orci nec tempor. Quisque vitae sem sit amet sem mollis consequat. Sed at imperdiet lorem. Vestibulum pharetra faucibus odio, ac feugiat tellus sollicitudin at. Pellentesque varius tristique mi imperdiet dapibus. Duis orci odio, sodales lacinia venenatis sit amet, feugiat et diam.&lt;/p&gt;
&lt;/blockquote&gt;
&lt;p&gt;Sed a leo id risus venenatis vulputate non quis nulla. Aenean nisl quam, lacinia pulvinar orci sit amet, eleifend eleifend dui. Nulla tempor ligula leo, eu vehicula quam condimentum a. Vestibulum ante ipsum primis in faucibus orci luctus et ultrices posuere cubilia Curae; Nulla gravida tristique nunc sed semper. Morbi nec felis odio.&lt;/p&gt;
&lt;ul&gt;
&lt;li&gt;Sed efficitur, lacus ac scelerisque pellentesque, lectus risus dignissim nisl, fermentum semper lectus diam eget lacus.&lt;/li&gt;
&lt;li&gt;Nunc ornare purus enim, id eleifend mauris vestibulum volutpat.&lt;/li&gt;
&lt;li&gt;Aenean facilisis ut ipsum condimentum ultrices.&lt;/li&gt;
&lt;li&gt;Fusce sed metus vulputate, lobortis purus et, finibus purus. Suspendisse quis posuere lorem. Vivamus vulputate nec risus in pulvinar.&lt;/li&gt;
&lt;/ul&gt;
</content>
    </item>
    
  </channel>
</rss>
