<?xml version="1.0" encoding="utf-8" standalone="yes"?>
<rss version="2.0" xmlns:atom="http://www.w3.org/2005/Atom">
  <channel>
    <title>Blogs on _w.718_ Blog</title>
    <link>http://something-fresh.org/blog/</link>
    <description>Recent content in Blogs on _w.718_ Blog</description>
    <generator>Hugo -- gohugo.io</generator>
    <language>en-us</language><atom:link href="http://something-fresh.org/blog/index.xml" rel="self" type="application/rss+xml" />
    <item>
      <title>First</title>
      <link>http://something-fresh.org/blog/first/</link>
      <pubDate>Mon, 01 Jan 0001 00:00:00 +0000</pubDate>
      
      <guid>http://something-fresh.org/blog/first/</guid>
      <description>My super sweet first blog post!!</description>
    </item>
    
    <item>
      <title>Second</title>
      <link>http://something-fresh.org/blog/second/</link>
      <pubDate>Mon, 01 Jan 0001 00:00:00 +0000</pubDate>
      
      <guid>http://something-fresh.org/blog/second/</guid>
      <description>My awesome blogpost My super sweet second blog post</description>
    </item>
    
  </channel>
</rss>
